Peptide Sequence,CompoundScore
ATAAAAAAAYAYAYAT,0.6062566937039323
IVAAAAELVKQVRP,0.5513021108552812
KKKDSTTAAAAAAN,0.5428165424543896
AAVAAAAAEAYLTV,0.48997122388671704
KVAATAPEAKYDAT,0.4852951674207133
KIEGVHGGTWVSAT,0.44561716531138545
DLDADAAAAFAFKFKI,0.36933402205
VAALTRIFGAFEVL,0.28682485071351166
NVMAASLRKAGKSV,0.23497551570080702
VVAAATRFGAATAT,
