Peptide Sequence,CompoundScore
AKVFWKSSITWNQSE,0.3427415499289438
PWQITTYCAPHSTDV,0.31072593318465935
GYVQGYTWWLACSNP,0.24894650327570872
TGGEGTYWMCVDVDL,0.2462018927409024
HITTMSKCWVTTREF,0.2288370355771685
HRCMLSTCQNGAREF,0.20959928102181985
PDRFPLGMCESWDYT,0.19424661289293962
GWDIWAFIFFKRVIH,0.1794333594129187
QGLKETMNKGPIEYH,0.16355059702645403
VDWDPCWHGPAKLWP,
